Material,Method_family,Method,Metric_mode,Loading_type,Nf_exp,CP_value,Nf_expected,DP_fit,Flag,Error_ln,Error_ln_dp
AISI316L,cp_methods,CARSPA_ext,DP_DIFF,Tensile,2474000.0,245.23905587897355,nan,250.9751881385252,0,nan,-0.023120609104767244
AISI316L,cp_methods,CARSPA_ext,DP_DIFF,Tensile,206000.0,245.23905587897355,nan,251.36042488549555,0,nan,-0.024654391749295897
AISI316L,cp_methods,CARSPA_ext,DP_DIFF,Tensile,116000.0,250.45690813171765,nan,251.44951191597895,0,nan,-0.0039553392373410465
AISI316L,cp_methods,CARSPA_ext,DP_DIFF,Tensile,158000.0,250.45690813171765,nan,251.40157312264319,0,nan,-0.003764671284512401
AISI316L,cp_methods,CARSPA_ext,DP_DIFF,Tensile,638000.0,255.67476038446176,nan,251.18515234835198,0,nan,0.017715843549992578
AISI316L,cp_methods,CARSPA_ext,DP_DIFF,Tensile,509000.0,260.8926126372059,nan,251.2201657389688,0,nan,0.03777916782592015
AISI316L,cp_methods,CARSPA_ext,DP_DIFF,Torsion,445000.0,241.0,nan,251.24099622044108,1,nan,-0.04161568930196491
AISI316L,cp_methods,CARSPA_ext,DP_DIFF,Torsion,2165000.0,241.0,nan,250.99584996523254,1,nan,-0.04063947150138308
AISI316L,cp_methods,CARSPA_ext,DP_DIFF,Torsion,849000.0,246.02083333333331,nan,251.14087209318905,1,nan,-0.020597804399380987
AISI316L,cp_methods,CARSPA_ext,DP_DIFF,Torsion,474000.0,251.04166666666669,nan,251.23120918489565,1,nan,-0.0007547392516670022
AISI316L,cp_methods,CARSPA_ext,DP_DIFF,Torsion,198000.0,256.0625,nan,251.3665683028491,1,nan,0.018509250082750586
AISI316L,cp_methods,CARSPA_ext,DP_DIFF,Multiaxial proportional,194000.0,281.1915211678127,nan,251.36973379808137,1,nan,0.11211110887420582
AISI316L,cp_methods,CARSPA_ext,DP_DIFF,Multiaxial proportional,1458000.0,298.3373948280518,nan,251.05708766518072,1,nan,0.17254468929469527
AISI316L,cp_methods,CARSPA_ext,DP_DIFF,Multiaxial proportional,431000.0,305.5768631229702,nan,251.2459518417695,1,nan,0.19576899757917315
AISI316L,cp_methods,CARSPA_ext,DP_DIFF,Multiaxial proportional,246000.0,312.05606424762055,nan,251.33290322182435,1,nan,0.21640449674857787
AISI316L,cp_methods,CARSPA_ext,DP_DIFF,Multiaxial proportional,102000.0,312.8163898364998,nan,251.46946821949462,1,nan,0.21829482103325487
AISI316L,cp_methods,CARSPA_ext,DP_DIFF,Multiaxial proportional,116000.0,321.96236525631434,nan,251.44951191597895,1,nan,0.24719243908939514
AISI316L,cp_methods,CARSPA_ext,DP_DIFF,Tensile,69975.6143353379,511.435898747112,nan,251.52794575110008,1,nan,0.7096681577225621
AISI316L,cp_methods,CARSPA_ext,DP_DIFF,Tensile,98291.9381650449,480.085601841165,nan,251.47521422136134,1,nan,0.6466199922913342
AISI316L,cp_methods,CARSPA_ext,DP_DIFF,Tensile,115022.543522955,496.558815003434,nan,251.45082484124103,1,nan,0.6804544927393144
AISI316L,cp_methods,CARSPA_ext,DP_DIFF,Tensile,138119.684536429,482.114488563768,nan,251.42243426981526,1,nan,0.6510470844610233
AISI316L,cp_methods,CARSPA_ext,DP_DIFF,Tensile,159528.700623432,498.65731906789307,nan,251.4000794620359,1,nan,0.6848735122717099
AISI316L,cp_methods,CARSPA_ext,DP_DIFF,Tensile,184229.698075472,502.88097010004105,nan,251.37774894169166,1,nan,0.6933967184820544
AISI316L,cp_methods,CARSPA_ext,DP_DIFF,Tensile,172522.795562466,482.114488563768,nan,251.38793272124818,1,nan,0.6511843192950133
AISI316L,cp_methods,CARSPA_ext,DP_DIFF,Tensile,221118.01442487,448.760529740834,nan,251.34944094532028,1,nan,0.5796452382026138
AISI316L,cp_methods,CARSPA_ext,DP_DIFF,Tensile,262112.517824787,448.760529740834,nan,251.32306464204677,1,nan,0.5797501824874297
AISI316L,cp_methods,CARSPA_ext,DP_DIFF,Tensile,242231.351892637,419.479385094956,nan,251.33529743259518,1,nan,0.512226489062749
AISI316L,cp_methods,CARSPA_ext,DP_DIFF,Tensile,448190.988518368,452.561552611951,nan,251.23988853940483,1,nan,0.5885155678165789
AISI316L,cp_methods,CARSPA_ext,DP_DIFF,Tensile,589889.812334929,450.657033774547,nan,251.19730432496823,1,nan,0.5844678895996849
AISI316L,cp_methods,CARSPA_ext,DP_DIFF,Tensile,613487.818951092,448.760529740834,nan,251.19122463832613,1,nan,0.5802749039115087
AISI316L,cp_methods,CARSPA_ext,DP_DIFF,Tensile,1513696.16729959,484.15194955170404,nan,251.05128026646875,1,nan,0.6567415806857937
