Material,Method_family,Method,Metric_mode,Loading_type,Nf_exp,CP_value,Nf_expected,DP_fit,Flag,Error_ln,Error_ln_dp
AISI316L,cp_methods,FIN_ext,DP_DIFF,Tensile,2474000.0,154.91553186137102,nan,158.5390003037469,0,nan,-0.023120609104764746
AISI316L,cp_methods,FIN_ext,DP_DIFF,Tensile,206000.0,154.91553186137102,nan,158.78235124691383,0,nan,-0.024654391749294985
AISI316L,cp_methods,FIN_ext,DP_DIFF,Tensile,116000.0,158.21160700735763,nan,158.83862680489884,0,nan,-0.003955339237340712
AISI316L,cp_methods,FIN_ext,DP_DIFF,Tensile,158000.0,158.21160700735763,nan,158.80834425614333,0,nan,-0.003764671284511844
AISI316L,cp_methods,FIN_ext,DP_DIFF,Tensile,638000.0,161.50768215334426,nan,158.6716330001199,0,nan,0.01771584354999454
AISI316L,cp_methods,FIN_ext,DP_DIFF,Tensile,509000.0,164.80375729933087,nan,158.69375067632055,0,nan,0.03777916782592164
AISI316L,cp_methods,FIN_ext,DP_DIFF,Torsion,445000.0,149.41170355970252,nan,158.70690912330872,1,nan,-0.060353555623150465
AISI316L,cp_methods,FIN_ext,DP_DIFF,Torsion,2165000.0,149.41170355970252,nan,158.5520522128815,1,nan,-0.059377337822567364
AISI316L,cp_methods,FIN_ext,DP_DIFF,Torsion,849000.0,152.52444738386302,nan,158.64366152039395,1,nan,-0.0393356707205655
AISI316L,cp_methods,FIN_ext,DP_DIFF,Torsion,474000.0,155.6371912080235,nan,158.7007267319623,1,nan,-0.019492605572852158
AISI316L,cp_methods,FIN_ext,DP_DIFF,Torsion,198000.0,158.74993503218397,nan,158.7862319940622,1,nan,-0.00022861623843513826
AISI316L,cp_methods,FIN_ext,DP_DIFF,Multiaxial proportional,194000.0,184.35061647137084,nan,158.7882316118464,1,nan,0.14926803087238524
AISI316L,cp_methods,FIN_ext,DP_DIFF,Multiaxial proportional,1458000.0,195.59740928879182,nan,158.59073557358622,1,nan,0.2097316188592899
AISI316L,cp_methods,FIN_ext,DP_DIFF,Multiaxial proportional,431000.0,200.35143213027695,nan,158.71003954929674,1,nan,0.23299409848708877
AISI316L,cp_methods,FIN_ext,DP_DIFF,Multiaxial proportional,246000.0,204.64323640989508,nan,158.76496603414643,1,nan,0.25384324528363356
AISI316L,cp_methods,FIN_ext,DP_DIFF,Multiaxial proportional,102000.0,205.10545497176207,nan,158.85123304072877,1,nan,0.25555613838757274
AISI316L,cp_methods,FIN_ext,DP_DIFF,Multiaxial proportional,116000.0,211.1360063858309,nan,158.83862680489884,1,nan,0.2846137447722374
AISI316L,cp_methods,FIN_ext,DP_DIFF,Tensile,69975.6143353379,217.9645497656461,nan,158.88817282537335,1,nan,0.3161317945976728
AISI316L,cp_methods,FIN_ext,DP_DIFF,Tensile,98291.9381650449,204.60363128717444,nan,158.85486274372235,1,nan,0.25308362916644517
AISI316L,cp_methods,FIN_ext,DP_DIFF,Tensile,115022.543522955,211.6242109901313,nan,158.83945616918808,1,nan,0.2869181296144253
AISI316L,cp_methods,FIN_ext,DP_DIFF,Tensile,138119.684536429,205.4683053980474,nan,158.8215220744065,1,nan,0.2575107213361347
AISI316L,cp_methods,FIN_ext,DP_DIFF,Tensile,159528.700623432,212.51855472844085,nan,158.80740072279556,1,nan,0.29133714914682113
AISI316L,cp_methods,FIN_ext,DP_DIFF,Tensile,184229.698075472,214.31859691915247,nan,158.79329471336132,1,nan,0.29986035535716543
AISI316L,cp_methods,FIN_ext,DP_DIFF,Tensile,172522.795562466,205.4683053980474,nan,158.79972772469674,1,nan,0.2576479561701248
AISI316L,cp_methods,FIN_ext,DP_DIFF,Tensile,221118.01442487,191.25346315574032,nan,158.77541278057498,1,nan,0.1861088750777255
AISI316L,cp_methods,FIN_ext,DP_DIFF,Tensile,262112.517824787,191.25346315574032,nan,158.75875108272467,1,nan,0.18621381936254122
AISI316L,cp_methods,FIN_ext,DP_DIFF,Tensile,242231.351892637,178.77437921776016,nan,158.76647843776266,1,nan,0.11869012593786069
AISI316L,cp_methods,FIN_ext,DP_DIFF,Tensile,448190.988518368,192.87338901699007,nan,158.70620941014008,1,nan,0.194979204691691
AISI316L,cp_methods,FIN_ext,DP_DIFF,Tensile,589889.812334929,192.06171820559047,nan,158.67930930564933,1,nan,0.19093152647479725
AISI316L,cp_methods,FIN_ext,DP_DIFF,Tensile,613487.818951092,191.25346315574032,nan,158.67546881667693,1,nan,0.18673854078662078
AISI316L,cp_methods,FIN_ext,DP_DIFF,Tensile,1513696.16729959,206.3366337027058,nan,158.58706708670115,1,nan,0.26320521756090676
