Material,Method_family,Method,Nf_exp,CP_value,Nf_expected,Flag,Error_ln
Al7075_T6,cp_methods,LI,322262.0,0.6338494326241133,283802.278824632,0,0.12708708491629
Al7075_T6,cp_methods,LI,133766.0,0.6338494326241133,283802.278824632,0,-0.752185789589106
Al7075_T6,cp_methods,LI,529531.0,0.507430709219858,803113.9924091499,0,-0.4165049529143153
Al7075_T6,cp_methods,LI,419980.0,0.507430709219858,803113.9924091499,0,-0.6482895709439884
Al7075_T6,cp_methods,LI,356775.0,0.6338494326241133,283802.278824632,0,0.22882753660764824
Al7075_T6,cp_methods,LI,645187.0,0.507430709219858,803113.9924091499,0,-0.21895646478296896
Al7075_T6,cp_methods,LI,2807604.0,0.3950585106382978,2589095.084443108,0,0.08102302416223987
Al7075_T6,cp_methods,LI,3722394.0,0.3950585106382978,2589095.084443108,0,0.36305858326844015
Al7075_T6,cp_methods,LI,125000.0,0.9288264539007091,47534.99284642531,0,0.9668476059820031
Al7075_T6,cp_methods,LI,73200.0,0.9288264539007091,47534.99284642531,0,0.43172928964696794
Al7075_T6,cp_methods,LI,40400.0,0.9288264539007091,47534.99284642531,0,-0.16263634635319357
Al7075_T6,cp_methods,LI,422385.0,0.41093900709219844,2153332.101243346,1,-1.6288545155324896
Al7075_T6,cp_methods,LI,672504.0,0.41093900709219844,2153332.101243346,1,-1.163763676516666
Al7075_T6,cp_methods,LI,117457.0,0.559333648542159,509333.8399292099,1,-1.4670313665246362
Al7075_T6,cp_methods,LI,73000.0,0.559333648542159,509333.8399292099,1,-1.9426442345348824
Al7075_T6,cp_methods,LI,372589.0,0.34530291568163896,4858722.711525484,1,-2.5680549303378752
Al7075_T6,cp_methods,LI,64383.0,0.559333648542159,509333.8399292099,1,-2.0682540525758193
Al7075_T6,cp_methods,LI,36000.0,0.730558234830575,146097.4694747643,1,-1.4007550596492713
Al7075_T6,cp_methods,LI,913000.0,0.41093900709219844,2153332.101243346,1,-0.8580358553353931
Al7075_T6,cp_methods,LI,55100.0,0.730558234830575,146097.4694747643,1,-0.9751242819465125
Al7075_T6,cp_methods,LI,1660000.0,0.34530291568163896,4858722.711525484,1,-1.0739579844430842
Al7075_T6,cp_methods,LI,43900.0,0.730558234830575,146097.4694747643,1,-1.2023596780242556
Al7075_T6,cp_methods,LI,143808.0,0.5433191489361702,583440.7052104988,1,-1.4004637508236453
Al7075_T6,cp_methods,LI,2058247.0,0.4565390070921986,1316460.4770429411,1,0.4469079713787641
Al7075_T6,cp_methods,LI,777084.0,0.4565390070921986,1316460.4770429411,1,-0.5271535046173254
Al7075_T6,cp_methods,LI,533834.0,0.4565390070921986,1316460.4770429411,1,-0.9026170280402744
Al7075_T6,cp_methods,LI,718065.0,0.5433191489361702,583440.7052104988,1,0.20761726681210071
Al7075_T6,cp_methods,LI,988380.0,0.5433191489361702,583440.7052104988,1,0.5271244118004368
Al7075_T6,cp_methods,LI,511810.0,0.6376453900709219,275987.89170202764,1,0.6175964683072052
Al7075_T6,cp_methods,LI,653299.0,0.6376453900709219,275987.89170202764,1,0.8616779170452141
Al7075_T6,cp_methods,LI,258105.0,0.7395177304964539,138002.9093442132,1,0.6260917117338091
Al7075_T6,cp_methods,LI,70916.0,0.7395177304964539,138002.9093442132,1,-0.6657786891032875
Al7075_T6,cp_methods,LI,68178.0,0.848936170212766,72387.28414973489,1,-0.059908718511456426
Al7075_T6,cp_methods,LI,1748831.0,0.41597872340425535,2034026.2964458761,1,-0.15106966125825017
Al7075_T6,cp_methods,LI,882194.0,0.41922773837667454,1961355.440527792,1,-0.7989790780340055
Al7075_T6,cp_methods,LI,2190698.0,0.41922773837667454,1961355.440527792,1,0.1105844289879928
Al7075_T6,cp_methods,LI,3951740.0,0.3395744680851064,5254065.297449409,1,-0.28484613107875645
Al7075_T6,cp_methods,LI,299734.0,0.5072655634357762,804337.3657801452,1,-0.9871233756788075
Al7075_T6,cp_methods,LI,159624.0,0.6036879432624113,356473.41344575427,1,-0.8034386108333992
Al7075_T6,cp_methods,LI,1281142.0,0.41922773837667454,1961355.440527792,1,-0.42588391785188207
Al7075_T6,cp_methods,LI,151113.0,0.6036879432624113,356473.41344575427,1,-0.858231759167875
Al7075_T6,cp_methods,LI,435526.0,0.5072655634357762,804337.3657801452,1,-0.6134642943439075
Al7075_T6,cp_methods,LI,232899.0,0.6036879432624113,356473.41344575427,1,-0.4256547772908297
Al7075_T6,cp_methods,LI,427542.0,0.5072655634357762,804337.3657801452,1,-0.6319662611818734
Al7075_T6,cp_methods,LI,463062.0,0.5072655634357762,804337.3657801452,1,-0.5521578359384963
Al7075_T6,cp_methods,LI,792001.0,0.481092314806748,1030439.7262179296,1,-0.26317825433813213
Al7075_T6,cp_methods,LI,1075519.0,0.5646152861273638,487434.0871748008,1,0.791403539252012
Al7075_T6,cp_methods,LI,1605801.0,0.40425118119178133,2325057.4761516373,1,-0.3701220621483871
Al7075_T6,cp_methods,LI,318867.0,0.5646152861273638,487434.0871748008,1,-0.42438098755493836
Al7075_T6,cp_methods,LI,355812.0,0.5646152861273638,487434.0871748008,1,-0.31475257402567913
Al7075_T6,cp_methods,LI,4311055.0,0.40425118119178133,2325057.4761516373,1,0.617437894085191
Al7075_T6,cp_methods,LI,193439.0,0.7517067418855439,127846.29628130046,1,0.4141334852246012
Al7075_T6,cp_methods,LI,68777.0,0.7517067418855439,127846.29628130046,1,-0.6199593453446605
Al7075_T6,cp_methods,LI,162022.0,0.7517067418855439,127846.29628130046,1,0.23690339641430133
Al7075_T6,cp_methods,LI,667210.0,0.481092314806748,1030439.7262179296,1,-0.4346360698362133
Al7075_T6,cp_methods,LI,2146853.0,0.481092314806748,1030439.7262179296,1,0.7340174191274923
Al7075_T6,cp_methods,LI,539150.0,0.5192825952473537,720923.5160676825,1,-0.29053922597999454
Al7075_T6,cp_methods,LI,284880.0,0.5192825952473537,720923.5160676825,1,-0.9284650123385537
Al7075_T6,cp_methods,LI,2795292.0,0.3141339156434608,7562132.9966380345,1,-0.9952167193870658
Al7075_T6,cp_methods,LI,1659597.0,0.3141339156434608,7562132.9966380345,1,-1.51657849099875
Al7075_T6,cp_methods,LI,1054036.0,0.5192825952473537,720923.5160676825,1,0.37984883280766546
Al7075_T6,cp_methods,LI,105266.0,0.7757184447522195,110365.15326985704,1,-0.04730396333526012
Al7075_T6,cp_methods,LI,180306.0,0.7757184447522195,110365.15326985704,1,0.49086096417938335
Al7075_T6,cp_methods,LI,95224.0,0.7757184447522195,110365.15326985704,1,-0.1475624324808299
Al7075_T6,cp_methods,LI,1713825.0,0.32840367986433633,6143645.990363762,1,-1.2766906608165143
Al7075_T6,cp_methods,LI,169671.0,0.5838287642032647,416828.9378227653,1,-0.8988146487552898
Al7075_T6,cp_methods,LI,112468.0,0.5838287642032647,416828.9378227653,1,-1.3100071798485684
Al7075_T6,cp_methods,LI,272000.0,0.4469938975931245,1453174.269603312,1,-1.6757035278684993
Al7075_T6,cp_methods,LI,177000.0,0.4469938975931245,1453174.269603312,1,-2.1053558615906676
Al7075_T6,cp_methods,LI,1368315.0,0.6649226996094753,226893.22924404824,1,1.7968557837575532
Al7075_T6,cp_methods,LI,2073749.0,0.6649226996094753,226893.22924404824,1,2.212633808209989
Al7075_T6,cp_methods,LI,611726.0,0.6649226996094753,226893.22924404824,1,0.991804918764551
Al7075_T6,cp_methods,LI,46307.0,0.8684704647960494,65082.12106645066,1,-0.34035673592903654
Al7075_T6,cp_methods,LI,91386.0,0.8684704647960494,65082.12106645066,1,0.33944242036296896
Al7075_T6,cp_methods,LI,59589.0,0.8684704647960494,65082.12106645066,1,-0.08817888021952469
Al7075_T6,cp_methods,LI,1266396.0,0.5733262052755168,453756.98438603693,1,1.0263685719552142
Al7075_T6,cp_methods,LI,93527.0,0.7633041194496527,119013.32178420907,1,-0.2409852699502383
Al7075_T6,cp_methods,LI,120839.0,0.7633041194496527,119013.32178420907,1,0.015223646466426577
Al7075_T6,cp_methods,LI,1941849.0,0.5733262052755168,453756.98438603693,1,1.4538341128894345
Al7075_T6,cp_methods,LI,110757.0,0.7633041194496527,119013.32178420907,1,-0.07189682226683451
Al7075_T6,cp_methods,LI,1769744.0,0.5733262052755168,453756.98438603693,1,1.3610284042922827
Al7075_T6,cp_methods,LI,45434.0,0.9618069563184505,40378.84792106571,1,0.11795464189287906
Al7075_T6,cp_methods,LI,302351.0,0.7363834509313135,140771.1833578778,1,0.7644528350128791
Al7075_T6,cp_methods,LI,2651327.0,0.5410164129291282,595144.2537112047,1,1.4940117289883132
Al7075_T6,cp_methods,LI,3781937.0,0.5410164129291282,595144.2537112047,1,1.849187771853539
Al7075_T6,cp_methods,LI,191000.0,0.7363834509313135,140771.1833578778,1,0.3051376689205871
Al7075_T6,cp_methods,LI,59200.0,0.9618069563184505,40378.84792106571,1,0.38261546034181
