Material,Method_family,Method,Metric_mode,Nf_exp,CP_value,Nf_expected,DP_fit,Flag,Error_ln,Error_ln_dp
AISI316L,invariant_methods,OTT,DP_DIFF,2474000.0,235.0,nan,240.49664112905285,0,nan,-0.023120609104764177
AISI316L,invariant_methods,OTT,DP_DIFF,206000.0,235.0,nan,240.86579373084246,0,nan,-0.02465439174929487
AISI316L,invariant_methods,OTT,DP_DIFF,116000.0,240.0,nan,240.9511612596343,0,nan,-0.003955339237340489
AISI316L,invariant_methods,OTT,DP_DIFF,158000.0,240.0,nan,240.90522397450837,0,nan,-0.0037646712845115097
AISI316L,invariant_methods,OTT,DP_DIFF,638000.0,245.00000000000003,nan,240.6978390546137,0,nan,0.017715843549994975
AISI316L,invariant_methods,OTT,DP_DIFF,509000.0,250.0,nan,240.73139058972902,0,nan,0.037779167825921854
AISI316L,invariant_methods,OTT,DP_DIFF,445000.0,246.05428081158382,nan,240.7513513709694,1,nan,0.02178750146384607
AISI316L,invariant_methods,OTT,DP_DIFF,2165000.0,246.05428081158382,nan,240.5164402970884,1,nan,0.02276371926442936
AISI316L,invariant_methods,OTT,DP_DIFF,849000.0,251.18041166182516,nan,240.65540755883907,1,nan,0.04280538636643097
AISI316L,invariant_methods,OTT,DP_DIFF,474000.0,256.30654251206647,nan,240.74197295713992,1,nan,0.06264845151414408
AISI316L,invariant_methods,OTT,DP_DIFF,198000.0,261.4326733623078,nan,240.8716806523726,1,nan,0.08191244084856097
AISI316L,invariant_methods,OTT,DP_DIFF,194000.0,278.6124165586824,nan,240.8747139839801,1,nan,0.1455446887139995
AISI316L,invariant_methods,OTT,DP_DIFF,1458000.0,295.60727523356843,nan,240.5751212418354,1,nan,0.2059994053128595
AISI316L,invariant_methods,OTT,DP_DIFF,431000.0,302.78867993446096,nan,240.756100088534,1,nan,0.22925074802387535
AISI316L,invariant_methods,OTT,DP_DIFF,246000.0,309.25653781469003,nan,240.8394211331355,1,nan,0.25004074286075495
AISI316L,invariant_methods,OTT,DP_DIFF,102000.0,309.9701496097167,nan,240.97028436100726,1,nan,0.2518023767794981
AISI316L,invariant_methods,OTT,DP_DIFF,116000.0,319.0698757573486,nan,240.9511612596343,1,nan,0.2808158624796641
AISI316L,invariant_methods,OTT,DP_DIFF,69975.6143353379,255.717949373556,nan,241.02632037810108,1,nan,0.05916893612154166
AISI316L,invariant_methods,OTT,DP_DIFF,98291.9381650449,240.04280092058252,nan,240.9757904596743,1,nan,-0.003879229309685757
AISI316L,invariant_methods,OTT,DP_DIFF,115022.543522955,248.279407501717,nan,240.95241936852517,1,nan,0.029955271138294177
AISI316L,invariant_methods,OTT,DP_DIFF,138119.684536429,241.057244281884,nan,240.92521414111485,1,nan,0.0005478628600035864
AISI316L,invariant_methods,OTT,DP_DIFF,159528.700623432,249.3286595339465,nan,240.9037926762127,1,nan,0.034374290670690116
AISI316L,invariant_methods,OTT,DP_DIFF,184229.698075472,251.4404850500205,nan,240.88239448471302,1,nan,0.04289749688103464
AISI316L,invariant_methods,OTT,DP_DIFF,172522.795562466,241.057244281884,nan,240.89215307796485,1,nan,0.0006850976939935085
AISI316L,invariant_methods,OTT,DP_DIFF,221118.01442487,224.38026487041702,nan,240.85526838473908,1,nan,-0.07085398339840536
AISI316L,invariant_methods,OTT,DP_DIFF,262112.517824787,224.38026487041702,nan,240.82999332711393,1,nan,-0.07074903911358953
AISI316L,invariant_methods,OTT,DP_DIFF,242231.351892637,209.73969254747803,nan,240.84171538243083,1,nan,-0.13827273253827024
AISI316L,invariant_methods,OTT,DP_DIFF,448190.988518368,226.2807763059755,nan,240.75028993708565,1,nan,-0.061983653784439874
AISI316L,invariant_methods,OTT,DP_DIFF,589889.812334929,225.32851688727354,nan,240.70948367008734,1,nan,-0.06603133200133367
AISI316L,invariant_methods,OTT,DP_DIFF,613487.818951092,224.38026487041702,nan,240.70365781842693,1,nan,-0.07022431768950983
AISI316L,invariant_methods,OTT,DP_DIFF,1513696.16729959,242.075974775852,nan,240.56955630972286,1,nan,0.0062423590847756295
