Material,Method_family,Method,Nf_exp,CP_value,Nf_expected,Flag,Error_ln
42CrMo4_QT,invariant_methods,OTT,75621.8245925823,481.8835516305089,128126.4404191733,0,-0.5272726655144323
42CrMo4_QT,invariant_methods,OTT,138257.954633599,421.52816054749206,556862.4443136113,0,-1.3931970744996982
42CrMo4_QT,invariant_methods,OTT,159701.094620937,451.623665575061,261153.22965519867,0,-0.4918034124261667
42CrMo4_QT,invariant_methods,OTT,184793.617935077,451.6729399239771,260840.57942399924,0,-0.3446697902717329
42CrMo4_QT,invariant_methods,OTT,197176.632963797,451.694841360225,260701.74393864375,0,-0.279277069314194
42CrMo4_QT,invariant_methods,OTT,228157.380286733,451.74412347476704,260389.6342219687,0,-0.13214344715976534
42CrMo4_QT,invariant_methods,OTT,258114.099159339,421.7249340756181,554016.1662329532,0,-0.7637921352835915
42CrMo4_QT,invariant_methods,OTT,345627.224850786,420.367280649729,573982.3819650684,0,-0.5072378929706874
42CrMo4_QT,invariant_methods,OTT,401179.142074744,372.047991016802,2193653.960491479,0,-1.6989158416728047
42CrMo4_QT,invariant_methods,OTT,527793.893472805,392.521153995193,1218226.1458871653,0,-0.8364452466660389
42CrMo4_QT,invariant_methods,OTT,478318.075011766,410.457547246067,745862.4816368973,0,-0.4442653021548453
42CrMo4_QT,invariant_methods,OTT,645987.919165603,402.156252213488,933445.6899393132,0,-0.3681019797019827
42CrMo4_QT,invariant_methods,OTT,1025519.29114769,401.60332246064905,947654.2614934866,0,0.07896465612233265
42CrMo4_QT,invariant_methods,OTT,901940.442951261,381.353856706455,1672482.4619929965,0,-0.617515815732088
42CrMo4_QT,invariant_methods,OTT,1576842.7796911,393.519260019459,1184725.600129168,0,0.28591342049020285
42CrMo4_QT,invariant_methods,OTT,2629781.59628505,382.975277784207,1596356.296351799,0,0.4991770820630409
42CrMo4_QT,invariant_methods,OTT,1843487.37080331,361.10841586552203,3044275.6927735163,0,-0.5016039171346836
42CrMo4_QT,invariant_methods,OTT,1269406.0,450.0,271687.7733764723,0,1.5416508385386036
42CrMo4_QT,invariant_methods,OTT,253166.0,450.0,271687.7733764723,0,-0.07060811491224221
42CrMo4_QT,invariant_methods,OTT,147470.0,500.00000000000006,85438.21324712636,0,0.5458313026394072
42CrMo4_QT,invariant_methods,OTT,212560.0,500.00000000000006,85438.21324712636,0,0.9114308388281158
42CrMo4_QT,invariant_methods,OTT,274825.0,450.0,271687.7733764723,0,0.011481016499823728
42CrMo4_QT,invariant_methods,OTT,33380.0,500.00000000000006,85438.21324712636,0,-0.9398365443897533
42CrMo4_QT,invariant_methods,OTT,1045282.0,425.0,508901.13390178815,0,0.7197882227185943
42CrMo4_QT,invariant_methods,OTT,74300.0,550.0,30002.666158498112,0,0.9068247020604988
42CrMo4_QT,invariant_methods,OTT,3620.0,600.0,11540.931959549958,0,-1.159425991041225
42CrMo4_QT,invariant_methods,OTT,66300.0,550.0,30002.666158498112,0,0.7929036475286022
42CrMo4_QT,invariant_methods,OTT,6040.0,700.0,2124.046987836455,0,1.0450807864781788
42CrMo4_QT,invariant_methods,OTT,19951.0,600.0,11540.931959549958,0,0.5473792505140196
42CrMo4_QT,invariant_methods,OTT,53752.0,560.0,24617.136035768075,0,0.7809380883636798
42CrMo4_QT,invariant_methods,OTT,56929.0,550.0,30002.666158498112,0,0.6405186277142706
42CrMo4_QT,invariant_methods,OTT,247953.0,495.0,95406.46104551062,0,0.9550929100706229
42CrMo4_QT,invariant_methods,OTT,269178.0,485.0,119370.96779391072,0,0.8131368502176739
42CrMo4_QT,invariant_methods,OTT,80799.0,683.4841133655106,2760.7218676989296,1,3.3764723974133153
42CrMo4_QT,invariant_methods,OTT,61036.0,683.4841133655106,2760.7218676989296,1,3.0959716622299647
42CrMo4_QT,invariant_methods,OTT,2113.0,820.1809360386127,372.9163102018244,1,1.734509992578934
42CrMo4_QT,invariant_methods,OTT,356338.0,615.1357020289595,8778.909912094687,1,3.7035274744817253
42CrMo4_QT,invariant_methods,OTT,591086.0,615.1357020289595,8778.909912094687,1,4.209609278752927
42CrMo4_QT,invariant_methods,OTT,1297038.0,580.961496360684,16443.865519468818,1,4.367885991357111
42CrMo4_QT,invariant_methods,OTT,1162508.0,615.1357020289595,8778.909912094687,1,4.885982775017078
42CrMo4_QT,invariant_methods,OTT,64471.0,683.4841133655106,2760.7218676989296,1,3.1507233184931382
42CrMo4_QT,invariant_methods,OTT,2727865.0,563.8743935265462,22822.30796016044,1,4.783536054009827
42CrMo4_QT,invariant_methods,OTT,144928.0,512.6130850241329,64990.79795078412,1,0.8019913774880794
42CrMo4_QT,invariant_methods,OTT,741986.0,478.43887935585747,138627.2200403784,1,1.6775419148038637
42CrMo4_QT,invariant_methods,OTT,174751.0,512.6130850241329,64990.79795078412,1,0.9891164136724807
42CrMo4_QT,invariant_methods,OTT,530148.0,478.43887935585747,138627.2200403784,1,1.3413677525864924
42CrMo4_QT,invariant_methods,OTT,637436.0,478.43887935585747,138627.2200403784,1,1.5256654195751018
42CrMo4_QT,invariant_methods,OTT,1292667.0,461.35177652171967,206666.36759052982,1,1.8333570627719502
42CrMo4_QT,invariant_methods,OTT,734753.0,461.35177652171967,206666.36759052982,1,1.2684286460847443
42CrMo4_QT,invariant_methods,OTT,1246068.0,461.35177652171967,206666.36759052982,1,1.7966425302697184
42CrMo4_QT,invariant_methods,OTT,183404.0,512.6130850241329,64990.79795078412,1,1.0374456799496183
42CrMo4_QT,invariant_methods,OTT,564088.0,612.8791163687878,9140.414952615201,1,4.122504483630495
42CrMo4_QT,invariant_methods,OTT,311401.0,619.9402992194334,8060.089020991591,1,3.6541568694529487
42CrMo4_QT,invariant_methods,OTT,239600.0,627.00148250594,7117.581487334483,1,3.5164028772664593
42CrMo4_QT,invariant_methods,OTT,109087.0,655.2462197287582,4387.522514176921,1,3.213381008787205
42CrMo4_QT,invariant_methods,OTT,97366.0,662.3074049884641,3900.3756472005916,1,3.2174042054397587
42CrMo4_QT,invariant_methods,OTT,48740.0,697.4929980187758,2209.393367084119,1,3.093782064879991
42CrMo4_QT,invariant_methods,OTT,27204.0,732.6785935118583,1287.034049494343,1,3.0510236365658083
42CrMo4_QT,invariant_methods,OTT,4114.0,610.0000190024452,9625.421677851387,1,-0.8500118986692808
42CrMo4_QT,invariant_methods,OTT,618128.0,465.00009735472725,189543.48425733432,1,1.1820770891773844
42CrMo4_QT,invariant_methods,OTT,316712.0,475.0,150053.9069605576,1,0.7469982343032238
42CrMo4_QT,invariant_methods,OTT,197548.0,485.0,119370.96779391072,1,0.5037455721991316
42CrMo4_QT,invariant_methods,OTT,107374.0,490.0,106657.15101693076,1,0.006698573176210987
42CrMo4_QT,invariant_methods,OTT,97548.0,495.0000119618026,95406.43573085088,1,0.022198527882451947
42CrMo4_QT,invariant_methods,OTT,56411.0,510.00000000000006,68741.99655264776,1,-0.19769614104233862
42CrMo4_QT,invariant_methods,OTT,2088.0,932.9558147439219,90.62835629487535,1,3.1371948015355335
42CrMo4_QT,invariant_methods,OTT,11302.0,827.0157771722678,340.43800715601486,1,3.502501935328584
42CrMo4_QT,invariant_methods,OTT,70610.0,751.8325247020617,969.4610105370164,1,4.288186798688961
42CrMo4_QT,invariant_methods,OTT,159854.0,686.9015339323382,2613.6008609632863,1,4.11353198793097
42CrMo4_QT,invariant_methods,OTT,315668.0,674.9405619484418,3169.606381506713,1,4.601083618066111
