Material,Method_family,Method,Metric_mode,Nf_exp,CP_value,Nf_expected,DP_fit,Flag,Error_ln,Error_ln_dp
AISI316L,cp_methods,SWT_ext,DP_DIFF,2474000.0,0.3173850574712644,nan,0.3324059447951533,0,nan,-0.04624121820953247
AISI316L,cp_methods,SWT_ext,DP_DIFF,206000.0,0.3173850574712644,nan,0.33342718729648757,0,nan,-0.04930878349859121
AISI316L,cp_methods,SWT_ext,DP_DIFF,116000.0,0.3310344827586207,nan,0.3336635753584272,0,nan,-0.007910678474681836
AISI316L,cp_methods,SWT_ext,DP_DIFF,158000.0,0.3310344827586207,nan,0.33353636171383977,0,nan,-0.007529342569024293
AISI316L,cp_methods,SWT_ext,DP_DIFF,638000.0,0.34497126436781606,nan,0.33296235474460273,0,nan,0.03543168709998678
AISI316L,cp_methods,SWT_ext,DP_DIFF,509000.0,0.35919540229885055,nan,0.3330551862946254,0,nan,0.07555833565184118
AISI316L,cp_methods,SWT_ext,DP_DIFF,445000.0,0.1513489655172413,nan,0.3331104206146442,1,nan,-0.7888858280448886
AISI316L,cp_methods,SWT_ext,DP_DIFF,2165000.0,0.1513489655172413,nan,0.33246067846656957,1,nan,-0.7869333924437237
AISI316L,cp_methods,SWT_ext,DP_DIFF,849000.0,0.15772086206896543,nan,0.33284497234086846,1,nan,-0.74685005823972
AISI316L,cp_methods,SWT_ext,DP_DIFF,474000.0,0.1642241379310344,nan,0.3330844686396346,1,nan,-0.7071639279442926
AISI316L,cp_methods,SWT_ext,DP_DIFF,198000.0,0.1708587931034482,nan,0.33344348586378536,1,nan,-0.6686359492754582
AISI316L,cp_methods,SWT_ext,DP_DIFF,194000.0,0.3774273953825544,nan,0.3334518841199097,1,nan,0.1238796406343854
AISI316L,cp_methods,SWT_ext,DP_DIFF,1458000.0,0.4248225796673201,nan,0.33262292506048274,1,nan,0.2446621309536552
AISI316L,cp_methods,SWT_ext,DP_DIFF,431000.0,0.44564186954284757,nan,0.333123561665749,1,nan,0.2910021691592004
AISI316L,cp_methods,SWT_ext,DP_DIFF,246000.0,0.4644492029029494,nan,0.3333541768491028,1,nan,0.33164667470853465
AISI316L,cp_methods,SWT_ext,DP_DIFF,102000.0,0.4669591738415175,nan,0.3337165399139353,1,nan,0.3359498819173739
AISI316L,cp_methods,SWT_ext,DP_DIFF,116000.0,0.49443127810380405,nan,0.3336635753584272,1,nan,0.3932749429712807
AISI316L,cp_methods,SWT_ext,DP_DIFF,69975.6143353379,0.751628386572604,nan,0.3338717650287761,1,nan,0.8114850528030285
AISI316L,cp_methods,SWT_ext,DP_DIFF,98291.9381650449,0.6623051295838897,nan,0.33373179073370635,1,nan,0.6853887219405727
AISI316L,cp_methods,SWT_ext,DP_DIFF,115022.543522955,0.7085363699931454,nan,0.3336670597675038,1,nan,0.7530577228365329
AISI316L,cp_methods,SWT_ext,DP_DIFF,138119.684536429,0.6679148852962747,nan,0.3335917172927708,1,nan,0.6942429062799513
AISI316L,cp_methods,SWT_ext,DP_DIFF,159528.700623432,0.714537706494191,nan,0.33353239842404453,1,nan,0.7618957619013244
AISI316L,cp_methods,SWT_ext,DP_DIFF,184229.698075472,0.7266933048527539,nan,0.33347314926832744,1,nan,0.7789421743220133
AISI316L,cp_methods,SWT_ext,DP_DIFF,172522.795562466,0.6679148852962747,nan,0.3335001690490674,1,nan,0.6945173759479313
AISI316L,cp_methods,SWT_ext,DP_DIFF,221118.01442487,0.5786954398082584,nan,0.333398047751062,1,nan,0.5514392137631325
AISI316L,cp_methods,SWT_ext,DP_DIFF,262112.517824787,0.5786954398082584,nan,0.3333280786548152,1,nan,0.5516491023327643
AISI316L,cp_methods,SWT_ext,DP_DIFF,242231.351892637,0.5056406739070184,nan,0.333360527979034,1,nan,0.4166017154834031
AISI316L,cp_methods,SWT_ext,DP_DIFF,448190.988518368,0.5885401117889072,nan,0.3331074833608675,1,nan,0.5691798729910631
AISI316L,cp_methods,SWT_ext,DP_DIFF,589889.812334929,0.5835970175013598,nan,0.332994572004139,1,nan,0.5610845165572753
AISI316L,cp_methods,SWT_ext,DP_DIFF,613487.818951092,0.5786954398082584,nan,0.3329784533745431,1,nan,0.5526985451809229
AISI316L,cp_methods,SWT_ext,DP_DIFF,1513696.16729959,0.6735721559043556,nan,0.3326075369141213,1,nan,0.7056318987294934
